{
    "batchName": "",
    "batchTime": 1671429045,
    "boardConf": "nIR-C00M00-00",
    "boardCustom": "",
    "boardName": "DM9095",
    "boardOptions": 0,
    "boardRev": "R3M2E4",
    "cameraData": [
        [
            0,
            {
                "cameraType": 0,
                "distortionCoeff": [
                    -4.956927299499512,
                    13.85183048248291,
                    0.0024803609121590853,
                    0.0009393575019203126,
                    -17.292339324951172,
                    -5.031506061553955,
                    14.156989097595215,
                    -17.610483169555664,
                    0.0,
                    0.0,
                    0.0,
                    0.0,
                    0.0,
                    0.0
                ],
                "extrinsics": {
                    "rotationMatrix": [
                        [
                            0.0,
                            0.0,
                            0.0
                        ],
                        [
                            0.0,
                            0.0,
                            0.0
                        ],
                        [
                            0.0,
                            0.0,
                            0.0
                        ]
                    ],
                    "specTranslation": {
                        "x": -0.0,
                        "y": -0.0,
                        "z": -0.0
                    },
                    "toCameraSocket": -1,
                    "translation": {
                        "x": 0.0,
                        "y": 0.0,
                        "z": 0.0
                    }
                },
                "height": 2160,
                "intrinsicMatrix": [
                    [
                        2995.7744140625,
                        0.0,
                        1940.0574951171875
                    ],
                    [
                        0.0,
                        2995.7744140625,
                        1023.2914428710938
                    ],
                    [
                        0.0,
                        0.0,
                        1.0
                    ]
                ],
                "lensPosition": 55,
                "specHfovDeg": 68.7938003540039,
                "width": 3840
            }
        ],
        [
            1,
            {
                "cameraType": 0,
                "distortionCoeff": [
                    -6.640399932861328,
                    13.791728973388672,
                    0.0017990623600780964,
                    0.0013103745877742767,
                    -7.345357894897461,
                    -6.6415934562683105,
                    13.797502517700195,
                    -7.3512749671936035,
                    0.0,
                    0.0,
                    0.0,
                    0.0,
                    0.0,
                    0.0
                ],
                "extrinsics": {
                    "rotationMatrix": [
                        [
                            0.9992703795433044,
                            -0.010366962291300297,
                            -0.036759164184331894
                        ],
                        [
                            0.010312492959201336,
                            0.9999454021453857,
                            -0.0016710803611204028
                        ],
                        [
                            0.03677447885274887,
                            0.0012907824711874127,
                            0.999322772026062
                        ]
                    ],
                    "specTranslation": {
                        "x": -7.5,
                        "y": 0.0,
                        "z": 0.0
                    },
                    "toCameraSocket": 2,
                    "translation": {
                        "x": -7.464908599853516,
                        "y": -0.07687052339315414,
                        "z": -0.07238185405731201
                    }
                },
                "height": 480,
                "intrinsicMatrix": [
                    [
                        449.2962646484375,
                        0.0,
                        323.1329650878906
                    ],
                    [
                        0.0,
                        449.2962646484375,
                        230.01602172851563
                    ],
                    [
                        0.0,
                        0.0,
                        1.0
                    ]
                ],
                "lensPosition": 0,
                "specHfovDeg": 72.9000015258789,
                "width": 640
            }
        ],
        [
            2,
            {
                "cameraType": 0,
                "distortionCoeff": [
                    13.387954711914063,
                    -133.42881774902344,
                    0.0015866821631789207,
                    0.0010999031364917755,
                    324.81103515625,
                    13.473567962646484,
                    -134.09422302246094,
                    326.2637023925781,
                    0.0,
                    0.0,
                    0.0,
                    0.0,
                    0.0,
                    0.0
                ],
                "extrinsics": {
                    "rotationMatrix": [
                        [
                            0.9999921917915344,
                            0.002955690724775195,
                            -0.0026129777543246746
                        ],
                        [
                            -0.0029168936889618635,
                            0.9998872876167297,
                            0.014729008078575134
                        ],
                        [
                            0.0026562174316495657,
                            -0.014721271581947803,
                            0.9998881220817566
                        ]
                    ],
                    "specTranslation": {
                        "x": 3.75,
                        "y": 0.0,
                        "z": 0.0
                    },
                    "toCameraSocket": 0,
                    "translation": {
                        "x": 3.7251203060150146,
                        "y": -0.027776364237070084,
                        "z": -0.18952681124210358
                    }
                },
                "height": 480,
                "intrinsicMatrix": [
                    [
                        450.9666748046875,
                        0.0,
                        324.5985107421875
                    ],
                    [
                        0.0,
                        450.9666748046875,
                        233.23060607910156
                    ],
                    [
                        0.0,
                        0.0,
                        1.0
                    ]
                ],
                "lensPosition": 0,
                "specHfovDeg": 72.9000015258789,
                "width": 640
            }
        ]
    ],
    "hardwareConf": "F0-FV00-BC000",
    "imuExtrinsics": {
        "rotationMatrix": [
            [
                0.0,
                0.0,
                0.0
            ],
            [
                0.0,
                0.0,
                0.0
            ],
            [
                0.0,
                0.0,
                0.0
            ]
        ],
        "specTranslation": {
            "x": 0.0,
            "y": 0.0,
            "z": 0.0
        },
        "toCameraSocket": -1,
        "translation": {
            "x": 0.0,
            "y": 0.0,
            "z": 0.0
        }
    },
    "miscellaneousData": [],
    "productName": "OAK-D-LITE",
    "stereoRectificationData": {
        "leftCameraSocket": 1,